{
  "routerMap": [
    {
      "name": "CircleExample",
      "pageSourceFile": "src/main/ets/pages/CircleExample.ets",
      "buildFunction": "CircleExampleBuilder"
    },
    {
      "name": "EllipseExample",
      "pageSourceFile": "src/main/ets/pages/EllipseExample.ets",
      "buildFunction": "EllipseExampleBuilder"
    },
    {
      "name": "LineExample",
      "pageSourceFile": "src/main/ets/pages/LineExample.ets",
      "buildFunction": "LineExampleBuilder"
    },
    {
      "name": "PolylineExample",
      "pageSourceFile": "src/main/ets/pages/PolylineExample.ets",
      "buildFunction": "PolylineExampleBuilder"
    },
    {
      "name": "PolygonExample",
      "pageSourceFile": "src/main/ets/pages/PolygonExample.ets",
      "buildFunction": "PolygonExampleBuilder"
    },
    {
      "name": "RectExample",
      "pageSourceFile": "src/main/ets/pages/RectExample.ets",
      "buildFunction": "RectExampleBuilder"
    },
    {
      "name": "ShapeExample",
      "pageSourceFile": "src/main/ets/pages/ShapeExample.ets",
      "buildFunction": "ShapeExampleBuilder"
    }
  ]
}